|Book Title| |UPC Code| |Product Type| |Price (ExclTax)| |Price (InclTax)| Taxes availability |Image Url|
I t ' s | | O n l y | | t h e | | H i m a l a y a s , | | | | | | | | | | | | | | | | | | | | | | | | a 2 2 1 2 4 8 1 1 b f a 8 3 5 0 , | | | | | | | | | | | | | | | | | | | | | | | | | | | | | | | | | | L i v r e s , | | | | | | | | | | | | | | | | | | | | | | | | | | | | | | | | | | | | | | | | | | £ | | 4 5 . 1 7 , | | | | | | | | | | | | | | | | | | | | | | | | | | | | | | | | | | | | | | | | | | | | | | | | | | £ | | 4 5 . 1 7 , | | | | | | | | | | | | | | | | | | | | | | | | | | | | | | | | | | | | | | | | | | | | | | | | | | | | | | | | £ | | 0 . 0 0 , | | | | | | | | | | | | | | | | | | | | | | | | | | | | | | | | | | | | | | | | | | | | | | | | | | | | | | | | | | | | | | | | I n | | s t o c k | | ( 1 9 | | a v a i l a b l e ) , | | | | | | | | | | | | | | | | | | | | | | | | | | | | | | | | | | | | | | | | | | | | | | | | | | | | | | | | | | | | | | | | | | | | | | | | h t t p : / / b o o k s . t o s c r a p e . c o m / m e d i a / c a c h e / 6 d / 4 1 / 6 d 4 1 8 a 7 3 c c 7 d 4 e c f d 7 5 c a 1 1 d 8 5 4 0 4 1 d b . j p g
F u l l | | M o o n | | o v e r | | N o a h â   s | | A r k : | | A n | | O d y s s e y | | t o | | M o u n t | | A r a r a t | | a n d | | B e y o n d , | | | | | | | | | | | | | | | | | | | | | | | | c e 6 0 4 3 6 f 5 2 c 5 e e 6 8 , | | | | | | | | | | | | | | | | | | | | | | | | | | | | | | | | | | L i v r e s , | | | | | | | | | | | | | | | | | | | | | | | | | | | | | | | | | | | | | | | | | | £ | | 4 9 . 4 3 , | | | | | | | | | | | | | | | | | | | | | | | | | | | | | | | | | | | | | | | | | | | | | | | | | | £ | | 4 9 . 4 3 , | | | | | | | | | | | | | | | | | | | | | | | | | | | | | | | | | | | | | | | | | | | | | | | | | | | | | | | | £ | | 0 . 0 0 , | | | | | | | | | | | | | | | | | | | | | | | | | | | | | | | | | | | | | | | | | | | | | | | | | | | | | | | | | | | | | | | | I n | | s t o c k | | ( 1 5 | | a v a i l a b l e ) , | | | | | | | | | | | | | | | | | | | | | | | | | | | | | | | | | | | | | | | | | | | | | | | | | | | | | | | | | | | | | | | | | | | | | | | | h t t p : / / b o o k s . t o s c r a p e . c o m / m e d i a / c a c h e / f e / 8 a / f e 8 a f 6 c e e c 7 7 1 8 9 8 6 3 8 0 c 0 f d e 9 b 3 b 3 4 f . j p g
S e e | | A m e r i c a : | | A | | C e l e b r a t i o n | | o f | | O u r | | N a t i o n a l | | P a r k s | | & | | T r e a s u r e d | | S i t e s , | | | | | | | | | | | | | | | | | | | | | | | | f 9 7 0 5 c 3 6 2 f 0 7 0 6 0 8 , | | | | | | | | | | | | | | | | | | | | | | | | | | | | | | | | | | L i v r e s , | | | | | | | | | | | | | | | | | | | | | | | | | | | | | | | | | | | | | | | | | | £ | | 4 8 . 8 7 , | | | | | | | | | | | | | | | | | | | | | | | | | | | | | | | | | | | | | | | | | | | | | | | | | | £ | | 4 8 . 8 7 , | | | | | | | | | | | | | | | | | | | | | | | | | | | | | | | | | | | | | | | | | | | | | | | | | | | | | | | | £ | | 0 . 0 0 , | | | | | | | | | | | | | | | | | | | | | | | | | | | | | | | | | | | | | | | | | | | | | | | | | | | | | | | | | | | | | | | | I n | | s t o c k | | ( 1 4 | | a v a i l a b l e ) , | | | | | | | | | | | | | | | | | | | | | | | | | | | | | | | | | | | | | | | | | | | | | | | | | | | | | | | | | | | | | | | | | | | | | | | | h t t p : / / b o o k s . t o s c r a p e . c o m / m e d i a / c a c h e / c 7 / 1 a / c 7 1 a 8 5 d b f 8 c 2 d b c 7 5 c b 2 7 1 0 2 6 6 1 8 4 7 7 c . j p g
V a g a b o n d i n g : | | A n | | U n c o m m o n | | G u i d e | | t o | | t h e | | A r t | | o f | | L o n g - T e r m | | W o r l d | | T r a v e l , | | | | | | | | | | | | | | | | | | | | | | | | 1 8 0 9 2 5 9 a 5 a 5 f 1 d 8 d , | | | | | | | | | | | | | | | | | | | | | | | | | | | | | | | | | | L i v r e s , | | | | | | | | | | | | | | | | | | | | | | | | | | | | | | | | | | | | | | | | | | £ | | 3 6 . 9 4 , | | | | | | | | | | | | | | | | | | | | | | | | | | | | | | | | | | | | | | | | | | | | | | | | | | £ | | 3 6 . 9 4 , | | | | | | | | | | | | | | | | | | | | | | | | | | | | | | | | | | | | | | | | | | | | | | | | | | | | | | | | £ | | 0 . 0 0 , | | | | | | | | | | | | | | | | | | | | | | | | | | | | | | | | | | | | | | | | | | | | | | | | | | | | | | | | | | | | | | | | I n | | s t o c k | | ( 8 | | a v a i l a b l e ) , | | | | | | | | | | | | | | | | | | | | | | | | | | | | | | | | | | | | | | | | | | | | | | | | | | | | | | | | | | | | | | | | | | | | | | | | h t t p : / / b o o k s . t o s c r a p e . c o m / m e d i a / c a c h e / c a / 3 0 / c a 3 0 b 1 a f e 1 e 7 6 c e 7 b a 1 d b 8 1 7 6 d 3 9 8 e 5 3 . j p g
U n d e r | | t h e | | T u s c a n | | S u n , | | | | | | | | | | | | | | | | | | | | | | | | a 9 4 3 5 0 e e 7 4 d e a a 0 7 , | | | | | | | | | | | | | | | | | | | | | | | | | | | | | | | | | | L i v r e s , | | | | | | | | | | | | | | | | | | | | | | | | | | | | | | | | | | | | | | | | | | £ | | 3 7 . 3 3 , | | | | | | | | | | | | | | | | | | | | | | | | | | | | | | | | | | | | | | | | | | | | | | | | | | £ | | 3 7 . 3 3 , | | | | | | | | | | | | | | | | | | | | | | | | | | | | | | | | | | | | | | | | | | | | | | | | | | | | | | | | £ | | 0 . 0 0 , | | | | | | | | | | | | | | | | | | | | | | | | | | | | | | | | | | | | | | | | | | | | | | | | | | | | | | | | | | | | | | | | I n | | s t o c k | | ( 7 | | a v a i l a b l e ) , | | | | | | | | | | | | | | | | | | | | | | | | | | | | | | | | | | | | | | | | | | | | | | | | | | | | | | | | | | | | | | | | | | | | | | | | h t t p : / / b o o k s . t o s c r a p e . c o m / m e d i a / c a c h e / 4 5 / 2 1 / 4 5 2 1 c 5 8 1 b a 7 2 7 f 5 c 8 3 5 e 3 4 8 6 0 c b f 5 3 e 5 . j p g
A | | S u m m e r | | I n | | E u r o p e , | | | | | | | | | | | | | | | | | | | | | | | | c c 1 9 3 6 a 9 f 4 e 9 3 4 7 7 , | | | | | | | | | | | | | | | | | | | | | | | | | | | | | | | | | | L i v r e s , | | | | | | | | | | | | | | | | | | | | | | | | | | | | | | | | | | | | | | | | | | £ | | 4 4 . 3 4 , | | | | | | | | | | | | | | | | | | | | | | | | | | | | | | | | | | | | | | | | | | | | | | | | | | £ | | 4 4 . 3 4 , | | | | | | | | | | | | | | | | | | | | | | | | | | | | | | | | | | | | | | | | | | | | | | | | | | | | | | | | £ | | 0 . 0 0 , | | | | | | | | | | | | | | | | | | | | | | | | | | | | | | | | | | | | | | | | | | | | | | | | | | | | | | | | | | | | | | | | I n | | s t o c k | | ( 7 | | a v a i l a b l e ) , | | | | | | | | | | | | | | | | | | | | | | | | | | | | | | | | | | | | | | | | | | | | | | | | | | | | | | | | | | | | | | | | | | | | | | | | h t t p : / / b o o k s . t o s c r a p e . c o m / m e d i a / c a c h e / 6 c / e 3 / 6 c e 3 0 0 3 9 3 1 7 0 1 c 7 a 3 f d 5 3 5 4 9 1 7 5 3 8 e a 9 . j p g
T h e | | G r e a t | | R a i l w a y | | B a z a a r , | | | | | | | | | | | | | | | | | | | | | | | | 4 8 7 3 6 d f 5 7 e 7 b e c 9 f , | | | | | | | | | | | | | | | | | | | | | | | | | | | | | | | | | | L i v r e s , | | | | | | | | | | | | | | | | | | | | | | | | | | | | | | | | | | | | | | | | | | £ | | 3 0 . 5 4 , | | | | | | | | | | | | | | | | | | | | | | | | | | | | | | | | | | | | | | | | | | | | | | | | | | £ | | 3 0 . 5 4 , | | | | | | | | | | | | | | | | | | | | | | | | | | | | | | | | | | | | | | | | | | | | | | | | | | | | | | | | £ | | 0 . 0 0 , | | | | | | | | | | | | | | | | | | | | | | | | | | | | | | | | | | | | | | | | | | | | | | | | | | | | | | | | | | | | | | | | I n | | s t o c k | | ( 6 | | a v a i l a b l e ) , | | | | | | | | | | | | | | | | | | | | | | | | | | | | | | | | | | | | | | | | | | | | | | | | | | | | | | | | | | | | | | | | | | | | | | | | h t t p : / / b o o k s . t o s c r a p e . c o m / m e d i a / c a c h e / d 5 / 8 2 / d 5 8 2 f 6 b 0 2 6 1 c 2 8 4 2 3 3 0 e 8 9 3 9 6 2 2 7 6 2 9 5 . j p g
A | | Y e a r | | i n | | P r o v e n c e | | ( P r o v e n c e | | # 1 ) , | | | | | | | | | | | | | | | | | | | | | | | | 9 e 6 0 9 2 9 f 5 2 1 f a 2 8 0 , | | | | | | | | | | | | | | | | | | | | | | | | | | | | | | | | | | L i v r e s , | | | | | | | | | | | | | | | | | | | | | | | | | | | | | | | | | | | | | | | | | | £ | | 5 6 . 8 8 , | | | | | | | | | | | | | | | | | | | | | | | | | | | | | | | | | | | | | | | | | | | | | | | | | | £ | | 5 6 . 8 8 , | | | | | | | | | | | | | | | | | | | | | | | | | | | | | | | | | | | | | | | | | | | | | | | | | | | | | | | | £ | | 0 . 0 0 , | | | | | | | | | | | | | | | | | | | | | | | | | | | | | | | | | | | | | | | | | | | | | | | | | | | | | | | | | | | | | | | | I n | | s t o c k | | ( 6 | | a v a i l a b l e ) , | | | | | | | | | | | | | | | | | | | | | | | | | | | | | | | | | | | | | | | | | | | | | | | | | | | | | | | | | | | | | | | | | | | | | | | | h t t p : / / b o o k s . t o s c r a p e . c o m / m e d i a / c a c h e / 8 b / 8 1 / 8 b 8 1 c d 9 b 2 c 8 f 8 9 a 1 2 0 9 9 a 8 0 b e d 1 c 4 9 1 1 . j p g
T h e | | R o a d | | t o | | L i t t l e | | D r i b b l i n g : | | A d v e n t u r e s | | o f | | a n | | A m e r i c a n | | i n | | B r i t a i n | | ( N o t e s | | F r o m | | a | | S m a l l | | I s l a n d | | # 2 ) , | | | | | | | | | | | | | | | | | | | | | | | | 3 6 6 a 2 3 6 a a 1 e a 6 f 0 7 , | | | | | | | | | | | | | | | | | | | | | | | | | | | | | | | | | | L i v r e s , | | | | | | | | | | | | | | | | | | | | | | | | | | | | | | | | | | | | | | | | | | £ | | 2 3 . 2 1 , | | | | | | | | | | | | | | | | | | | | | | | | | | | | | | | | | | | | | | | | | | | | | | | | | | £ | | 2 3 . 2 1 , | | | | | | | | | | | | | | | | | | | | | | | | | | | | | | | | | | | | | | | | | | | | | | | | | | | | | | | | £ | | 0 . 0 0 , | | | | | | | | | | | | | | | | | | | | | | | | | | | | | | | | | | | | | | | | | | | | | | | | | | | | | | | | | | | | | | | | I n | | s t o c k | | ( 3 | | a v a i l a b l e ) , | | | | | | | | | | | | | | | | | | | | | | | | | | | | | | | | | | | | | | | | | | | | | | | | | | | | | | | | | | | | | | | | | | | | | | | | h t t p : / / b o o k s . t o s c r a p e . c o m / m e d i a / c a c h e / 2 6 / f 5 / 2 6 f 5 d 2 0 2 3 9 a 4 5 0 4 6 e 7 5 6 c 6 d 0 9 6 1 1 b 3 e a . j p g
N e i t h e r | | H e r e | | n o r | | T h e r e : | | T r a v e l s | | i n | | E u r o p e , | | | | | | | | | | | | | | | | | | | | | | | | 7 4 7 c f 7 f c a 2 c c d b d 4 , | | | | | | | | | | | | | | | | | | | | | | | | | | | | | | | | | | L i v r e s , | | | | | | | | | | | | | | | | | | | | | | | | | | | | | | | | | | | | | | | | | | £ | | 3 8 . 9 5 , | | | | | | | | | | | | | | | | | | | | | | | | | | | | | | | | | | | | | | | | | | | | | | | | | | £ | | 3 8 . 9 5 , | | | | | | | | | | | | | | | | | | | | | | | | | | | | | | | | | | | | | | | | | | | | | | | | | | | | | | | | £ | | 0 . 0 0 , | | | | | | | | | | | | | | | | | | | | | | | | | | | | | | | | | | | | | | | | | | | | | | | | | | | | | | | | | | | | | | | | I n | | s t o c k | | ( 3 | | a v a i l a b l e ) , | | | | | | | | | | | | | | | | | | | | | | | | | | | | | | | | | | | | | | | | | | | | | | | | | | | | | | | | | | | | | | | | | | | | | | | | h t t p : / / b o o k s . t o s c r a p e . c o m / m e d i a / c a c h e / c 9 / 9 a / c 9 9 a 7 a 0 5 5 3 7 c d 8 4 2 e b 4 d b 8 3 d 5 3 7 e 3 a 4 d . j p g
1 , 0 0 0 | | P l a c e s | | t o | | S e e | | B e f o r e | | Y o u | | D i e , | | | | | | | | | | | | | | | | | | | | | | | | 2 2 8 b a 5 e 7 5 7 7 e 1 d 4 9 , | | | | | | | | | | | | | | | | | | | | | | | | | | | | | | | | | | L i v r e s , | | | | | | | | | | | | | | | | | | | | | | | | | | | | | | | | | | | | | | | | | | £ | | 2 6 . 0 8 , | | | | | | | | | | | | | | | | | | | | | | | | | | | | | | | | | | | | | | | | | | | | | | | | | | £ | | 2 6 . 0 8 , | | | | | | | | | | | | | | | | | | | | | | | | | | | | | | | | | | | | | | | | | | | | | | | | | | | | | | | | £ | | 0 . 0 0 , | | | | | | | | | | | | | | | | | | | | | | | | | | | | | | | | | | | | | | | | | | | | | | | | | | | | | | | | | | | | | | | | I n | | s t o c k | | ( 1 | | a v a i l a b l e ) , | | | | | | | | | | | | | | | | | | | | | | | | | | | | | | | | | | | | | | | | | | | | | | | | | | | | | | | | | | | | | | | | | | | | | | | | h t t p : / / b o o k s . t o s c r a p e . c o m / m e d i a / c a c h e / 9 e / 1 0 / 9 e 1 0 6 f 8 1 f 6 5 b 2 9 3 e 4 8 8 7 1 8 a 4 f 5 4 a 6 a 3 f . j p g
