 Book  Title , UPC  Code , Product  Type , Price  (ExclTax) , Price  (InclTax) ,Taxes,Availability, Image  Url 
 Sharp  Objects ,e00eb4fd7b871a48,Livres,£47.82,£47.82,£0.00, In  stock  (20  available) ,http://books.toscrape.com/media/cache/c0/59/c05972805aa7201171b8fc71a5b00292.jpg
 In  a  Dark,  Dark  Wood ,19ed25f4641d5efd,Livres,£19.63,£19.63,£0.00, In  stock  (18  available) ,http://books.toscrape.com/media/cache/95/84/95840dfd67c020067c99d70451147e20.jpg
 The  Past  Never  Ends ,5ee94540d0749ea0,Livres,£56.50,£56.50,£0.00, In  stock  (16  available) ,http://books.toscrape.com/media/cache/9d/f2/9df248dcefeaba9eeb519a59b248f72c.jpg
 A  Murder  in  Time ,f733e8c19d40ec2e,Livres,£16.64,£16.64,£0.00, In  stock  (16  available) ,http://books.toscrape.com/media/cache/cc/bd/ccbd7a62caefd5a3a2e04dd7c2ff48fe.jpg
 The  Murder  of  Roger  Ackroyd  (Hercule  Poirot  #4) ,c7b5183f4d1d4efe,Livres,£44.10,£44.10,£0.00, In  stock  (15  available) ,http://books.toscrape.com/media/cache/86/38/8638ba095b3b32e0abdef170e7bc4fd6.jpg
 The  Last  Mile  (Amos  Decker  #2) ,3bc89353f7e3a3cc,Livres,£54.21,£54.21,£0.00, In  stock  (14  available) ,http://books.toscrape.com/media/cache/e6/dc/e6dcc8f75214eb14edc1ce09c98f3d71.jpg
 That  Darkness  (Gardiner  and  Renner  #1) ,0c7b9cf2b7662b65,Livres,£13.92,£13.92,£0.00, In  stock  (14  available) ,http://books.toscrape.com/media/cache/23/b8/23b81994234ac127d701db1531a08e48.jpg
 Tastes  Like  Fear  (DI  Marnie  Rome  #3) ,2d1e337aaf341858,Livres,£10.69,£10.69,£0.00, In  stock  (14  available) ,http://books.toscrape.com/media/cache/74/9b/749bca168778cf35fdb2441a9d6b403f.jpg
 A  Time  of  Torment  (Charlie  Parker  #14) ,4416c474713ec1f5,Livres,£48.35,£48.35,£0.00, In  stock  (14  available) ,http://books.toscrape.com/media/cache/f1/37/f137a410ed7d6fcfce17d081caf97915.jpg
 A  Study  in  Scarlet  (Sherlock  Holmes  #1) ,63ee5bc46066a8a8,Livres,£16.73,£16.73,£0.00, In  stock  (14  available) ,http://books.toscrape.com/media/cache/27/40/274003f2720f82844873945b87af6c19.jpg
 Poisonous  (Max  Revere  Novels  #3) ,abdd91e96515a617,Livres,£26.80,£26.80,£0.00, In  stock  (12  available) ,http://books.toscrape.com/media/cache/8d/52/8d52227d29e03695ef755620078b7815.jpg
 Murder  at  the  42nd  Street  Library  (Raymond  Ambler  #1) ,e7fe3bf2768602cf,Livres,£54.36,£54.36,£0.00, In  stock  (12  available) ,http://books.toscrape.com/media/cache/19/74/19748437aac103dbdeb1918062728726.jpg
 Most  Wanted ,c039f5aceb093537,Livres,£35.28,£35.28,£0.00, In  stock  (12  available) ,http://books.toscrape.com/media/cache/fa/b5/fab5e650b19b76c5f5d1ce3a626376b1.jpg
 Hide  Away  (Eve  Duncan  #20) ,bddc6fd036eb6279,Livres,£11.84,£11.84,£0.00, In  stock  (12  available) ,http://books.toscrape.com/media/cache/b2/c5/b2c501b848bccd9cc375771f53c0fb6e.jpg
 Boar  Island  (Anna  Pigeon  #19) ,49b24c6a41b82bd2,Livres,£59.48,£59.48,£0.00, In  stock  (12  available) ,http://books.toscrape.com/media/cache/91/8c/918c2c95ae90495cdb0371a22b726d82.jpg
 The  Widow ,6159d8b187831770,Livres,£27.26,£27.26,£0.00, In  stock  (11  available) ,http://books.toscrape.com/media/cache/e4/37/e43737572b04c7ad28b35f3da29eb8dd.jpg
 Playing  with  Fire ,05a61a3bd8ca4149,Livres,£13.71,£13.71,£0.00, In  stock  (11  available) ,http://books.toscrape.com/media/cache/09/02/0902666ade8ab8183363e53c108e5069.jpg
 What  Happened  on  Beale  Street  (Secrets  of  the  South  Mysteries  #2) ,9735c969c652dd89,Livres,£25.37,£25.37,£0.00, In  stock  (7  available) ,http://books.toscrape.com/media/cache/2c/68/2c6857eb1c10995c8b9e77a1804f68cd.jpg
 The  Bachelor  Girl's  Guide  to  Murder  (Herringford  and  Watts  Mysteries  #1) ,20789fb17b423c4c,Livres,£52.30,£52.30,£0.00, In  stock  (7  available) ,http://books.toscrape.com/media/cache/38/a4/38a44ac4f642f4717d865c81ec594529.jpg
 Delivering  the  Truth  (Quaker  Midwife  Mystery  #1) ,4e980425468708da,Livres,£20.89,£20.89,£0.00, In  stock  (7  available) ,http://books.toscrape.com/media/cache/5c/8a/5c8acde540a88aed464ab5c52bafcd83.jpg
 Sharp  Objects ,e00eb4fd7b871a48,Livres,£47.82,£47.82,£0.00, In  stock  (20  available) ,http://books.toscrape.com/media/cache/c0/59/c05972805aa7201171b8fc71a5b00292.jpg
 In  a  Dark,  Dark  Wood ,19ed25f4641d5efd,Livres,£19.63,£19.63,£0.00, In  stock  (18  available) ,http://books.toscrape.com/media/cache/95/84/95840dfd67c020067c99d70451147e20.jpg
 The  Past  Never  Ends ,5ee94540d0749ea0,Livres,£56.50,£56.50,£0.00, In  stock  (16  available) ,http://books.toscrape.com/media/cache/9d/f2/9df248dcefeaba9eeb519a59b248f72c.jpg
 A  Murder  in  Time ,f733e8c19d40ec2e,Livres,£16.64,£16.64,£0.00, In  stock  (16  available) ,http://books.toscrape.com/media/cache/cc/bd/ccbd7a62caefd5a3a2e04dd7c2ff48fe.jpg
 The  Murder  of  Roger  Ackroyd  (Hercule  Poirot  #4) ,c7b5183f4d1d4efe,Livres,£44.10,£44.10,£0.00, In  stock  (15  available) ,http://books.toscrape.com/media/cache/86/38/8638ba095b3b32e0abdef170e7bc4fd6.jpg
 The  Last  Mile  (Amos  Decker  #2) ,3bc89353f7e3a3cc,Livres,£54.21,£54.21,£0.00, In  stock  (14  available) ,http://books.toscrape.com/media/cache/e6/dc/e6dcc8f75214eb14edc1ce09c98f3d71.jpg
 That  Darkness  (Gardiner  and  Renner  #1) ,0c7b9cf2b7662b65,Livres,£13.92,£13.92,£0.00, In  stock  (14  available) ,http://books.toscrape.com/media/cache/23/b8/23b81994234ac127d701db1531a08e48.jpg
 Tastes  Like  Fear  (DI  Marnie  Rome  #3) ,2d1e337aaf341858,Livres,£10.69,£10.69,£0.00, In  stock  (14  available) ,http://books.toscrape.com/media/cache/74/9b/749bca168778cf35fdb2441a9d6b403f.jpg
 A  Time  of  Torment  (Charlie  Parker  #14) ,4416c474713ec1f5,Livres,£48.35,£48.35,£0.00, In  stock  (14  available) ,http://books.toscrape.com/media/cache/f1/37/f137a410ed7d6fcfce17d081caf97915.jpg
 A  Study  in  Scarlet  (Sherlock  Holmes  #1) ,63ee5bc46066a8a8,Livres,£16.73,£16.73,£0.00, In  stock  (14  available) ,http://books.toscrape.com/media/cache/27/40/274003f2720f82844873945b87af6c19.jpg
 Poisonous  (Max  Revere  Novels  #3) ,abdd91e96515a617,Livres,£26.80,£26.80,£0.00, In  stock  (12  available) ,http://books.toscrape.com/media/cache/8d/52/8d52227d29e03695ef755620078b7815.jpg
 Murder  at  the  42nd  Street  Library  (Raymond  Ambler  #1) ,e7fe3bf2768602cf,Livres,£54.36,£54.36,£0.00, In  stock  (12  available) ,http://books.toscrape.com/media/cache/19/74/19748437aac103dbdeb1918062728726.jpg
